word,sense,pos,ipa,gloss
abono,advance_payment,NOUN,ɐˈbonu,advance (of money)
abono,allowance,NOUN,ɐˈbonu,(protected: operational roster)
abono,financial_aid,NOUN,ɐˈbonu,financial aid; allowance/subsidy
abono,hazard_supplement,NOUN,ɐˈbonu,supplementary pay compensating for job risks
abono,interim_dividend,NOUN,ɐˈbonu,advance distribution to members anticipating a dividend
abono,praise,NOUN,ɐˈbonu,praise; commendation (elogio)
abono,surety_guarantee,NOUN,ɐˈbonu,"surety, guarantee (fiança)"
abono,vouch,VERB,ɐˈbɔnu,to vouch for; to guarantee; to advance (money) (1sg of abonar)
aborto,aborted_fetus,NOUN,ɐˈboɾtu,a fetus in that aborted condition
aborto,abortion,NOUN,ɐˈboɾtu,miscarriage or induced abortion of a fetus
aborto,abortive_organ,NOUN,ɐˈboɾtu,an organ in that arrested condition
aborto,arrested_organ_development,NOUN,ɐˈboɾtu,arrest of an organ's natural development
aborto,monstrosity,NOUN,ɐˈboɾtu,aberration; monstrosity
aborto,abort,VERB,ɐˈbɔɾtu,to abort; to cancel; to cause to fail (1sg of abortar)
abrolho,caltrop,NOUN,ɐˈbɾoʎu,(protected: operational roster)
abrolho,caltrop_plant,NOUN,ɐˈbɾoʎu,"caltrop plant (Zygophyllaceae), yellow flowers, spiny fruit"
abrolho,obstacle_difficulty,NOUN,ɐˈbɾoʎu,setback; difficulty; obstacle
abrolho,sharp_point,NOUN,ɐˈbɾoʎu,sharp point
abrolho,shoot_sprout_noun,NOUN,ɐˈbɾoʎu,shoot; sprout (rebento)
abrolho,spiny_fruit,NOUN,ɐˈbɾoʎu,the spiny fruit of that plant
abrolho,submerged_reef,NOUN,ɐˈbɾoʎu,rock just below the water surface; shoal
abrolho,thorn,NOUN,ɐˈbɾoʎu,thorn of any plant
abrolho,sprout,VERB,ɐˈbɾɔʎu,to sprout; to put forth shoots (1sg of abrolhar)
aceno,hint,NOUN,ɐˈsenu,indication; hint (indício)
aceno,nod,NOUN,ɐˈsenu,"act of gesturing; a gesture/sign with head, eyes or hands"
aceno,beckon,VERB,ɐˈsɛnu,to beckon; to signal; to allude (1sg of acenar)
acerto,good_luck,NOUN,ɐˈseɾtu,luck; good fortune (sorte)
acerto,prudence,NOUN,ɐˈseɾtu,prudence; good judgement
acerto,settlement,NOUN,ɐˈseɾtu,act of getting right; adjustment; settlement (of accounts)
acerto,adjust,VERB,ɐˈsɛɾtu,to hit (target); to adjust; to get right (1sg of acertar)
acordo,agreement,NOUN,ɐˈkoɾdu,agreement; convention; pact; meeting of wills in a contract
acordo,concord,NOUN,ɐˈkoɾdu,concord; concordance
acordo,consciousness,NOUN,ɐˈkoɾdu,full possession of one's senses; consciousness; wits (tino)
acordo,consonance,NOUN,ɐˈkoɾdu,consonance; harmony (consonância)
acordo,judicial_settlement,NOUN,ɐˈkoɾdu,settlement ending a lawsuit by mutual acceptance of a solution
acordo,wake,VERB,ɐˈkɔɾdu,to wake; to arouse (emotion); to tune (voices) (1sg of acordar)
adorno,adornment,NOUN,ɐˈdoɾnu,that which embellishes or makes more attractive; ornament
adorno,adorn,VERB,ɐˈdɔɾnu,to adorn; to deck out (1sg of adornar)
almoço,breakfast,NOUN,aɫˈmosu,"first meal of the day, taken on rising (regional/older usage)"
almoço,lunch,NOUN,aɫˈmosu,"lunch; one of the main meals, usually early afternoon"
almoço,lunch_food,NOUN,aɫˈmosu,the food served at that meal
almoço,dine,VERB,aɫˈmɔsu,to have lunch (1sg of almoçar)
apego,attachment,NOUN,ɐˈpeɡu,attachment; affection binding one to people or things one likes
apego,plough_beam,NOUN,ɐˈpeɡu,beam/pole of the plough (timão da charrua)
apego,tenacity,NOUN,ɐˈpeɡu,tenacity; persistence
apego,cling,VERB,ɐˈpɛɡu,to cling; to attach; to grow fond of (1sg of apegar)
apelo,allure,NOUN,ɐˈpelu,that which attracts or seduces; allure
apelo,appeal,NOUN,ɐˈpelu,appeal; act of appealing or asking for help/protection
apelo,legal_appeal,NOUN,ɐˈpelu,appeal of a judicial sentence to a higher court
apelo,roll_call,NOUN,ɐˈpelu,call; roll call (chamada)
apelo,solicitation,NOUN,ɐˈpelu,solicitation made in the name of someone or something
apelo,call_out,VERB,ɐˈpɛlu,to appeal; to call out; to seek help (1sg of apelar)
aperto,anguish,NOUN,ɐˈpeɾtu,anguish; distress
aperto,constraint,NOUN,ɐˈpeɾtu,physical or psychological constraint
aperto,crowd_crush,NOUN,ɐˈpeɾtu,crowd of people in a cramped space
aperto,narrow_place,NOUN,ɐˈpeɾtu,tight or narrow place
aperto,squeeze,NOUN,ɐˈpeɾtu,act of tightening or pressing; squeeze
aperto,stinginess,NOUN,ɐˈpeɾtu,avarice; stinginess
aperto,stricture,NOUN,ɐˈpeɾtu,narrowing of a canal or bodily orifice (anatomical)
aperto,tight_spot,NOUN,ɐˈpeɾtu,difficult (esp. financial) situation; jam
aperto,urgency,NOUN,ɐˈpeɾtu,urgency
aperto,tighten,VERB,ɐˈpɛɾtu,to tighten; to grip; to press close (1sg of apertar)
arremedo,imitation,NOUN,ɐʁɨˈmedu,act or effect of imitating; imperfect imitation
arremedo,semblance,NOUN,ɐʁɨˈmedu,"appearance, semblance"
arremedo,trace,NOUN,ɐʁɨˈmedu,a trace or vestige
arremedo,vague_resemblance,NOUN,ɐʁɨˈmedu,a vague or blurred resemblance
arremedo,mimic,VERB,ɐʁɨˈmɛdu,I mimic / imitate (1sg pres of arremedar)
arremesso,great_courage,NOUN,ɐʁɨˈmesu,great courage
arremesso,impetus,NOUN,ɐʁɨˈmesu,"a sudden gesture, impulse, impetus"
arremesso,offensive_action,NOUN,ɐʁɨˈmesu,an offensive/aggressive action
arremesso,telltale_gesture,NOUN,ɐʁɨˈmesu,a gesture or movement that signals an act
arremesso,throw,NOUN,ɐʁɨˈmesu,act of throwing/hurling; the thing thrown
arremesso,fling,VERB,ɐʁɨˈmɛsu,I hurl/fling (1sg pres of arremessar)
arrepelo,hair_pulling,NOUN,ɐʁɨˈpelu,a hard pull of the hair (= arrepelao)
arrepelo,snatch,VERB,ɐʁɨˈpɛlu,I yank/pull hard (1sg pres of arrepelar)
arrojo,act_of_hurling,NOUN,ɐˈʁoʒu,act of hurling; a throw
arrojo,animosity,NOUN,ɐˈʁoʒu,animosity
arrojo,boldness,NOUN,ɐˈʁoʒu,"daring, boldness, courage"
arrojo,shipwreck_debris,NOUN,ɐˈʁoʒu,shipwreck debris washed ashore
arrojo,hurl,VERB,ɐˈʁɔʒu,I hurl/fling with impetus (1sg pres of arrojar)
arroto,belch,NOUN,ɐˈʁotu,noisy expulsion of stomach gas through the mouth; eructation
arroto,obscenity,NOUN,ɐˈʁotu,an obscenity
arroto,burp,VERB,ɐˈʁɔtu,I belch / expel stomach gas through the mouth (1sg pres of arrotar)
atropelo,muddle,NOUN,ɐtɾuˈpelu,"fluster, embarrassment, confusion"
atropelo,running_over,NOUN,ɐtɾuˈpelu,act or effect of running someone over; a traffic knock-down
atropelo,trampling,NOUN,ɐtɾuˈpelu,"disregard/violation of a rule, principle or right"
atropelo,run_over,VERB,ɐtɾuˈpɛlu,I run over / knock down (1sg pres of atropelar)
azedo,azedo_sausage,NOUN,ɐˈzedu,Tras-os-Montes smoked sausage with a sour tang ('alheira dos pobres')
azedo,ill_tempered,ADJ,ɐˈzedu,"harsh, bad-tempered; (of a person) embittered and hard to deal with"
azedo,sour,ADJ,ɐˈzedu,"tasting like lemon or vinegar; acidic, bitter"
azedo,sour_taste,NOUN,ɐˈzedu,a sour/acidic taste like lemon or vinegar (no sugar)
azedo,spoiled,ADJ,ɐˈzedu,(of food) deteriorated through fermentation
azedo,turn_sour,VERB,ɐˈzɛdu,I turn sour / make sour (1sg pres of azedar)
bola,bola_cake,NOUN,ˈbolɐ,sweet cake from Miranda do Douro with sugar-and-cinnamon filling
bola,fresh_cheese,NOUN,ˈbolɐ,large fresh sheep's-milk cheese
bola,loaf,NOUN,ˈbolɐ,savoury bread-dough dish baked with meats/sausages
bola,round_flatbread,NOUN,ˈbolɐ,round flat loaf of rye or maize bread (broa)
bola,ball,NOUN,ˈbɔlɐ,any spherical body; sports/game ball
bola,bribe,NOUN,ˈbɔlɐ,money given to do something illegal/reprehensible; bribe
bola,circle_figure,NOUN,ˈbɔlɐ,a circle or circular figure
bola,coal_ball,NOUN,ˈbɔlɐ,ball of compressed coal dust used to keep stoves warm
bola,football,NOUN,ˈbɔlɐ,football (the sport)
bola,goal,NOUN,ˈbɔlɐ,a goal (score)
bola,head,NOUN,ˈbɔlɐ,(colloquial) the head
bola,palmatoria_strike,NOUN,ˈbɔlɐ,a blow on the palm with a ferule (palmatoria)
bola,play,NOUN,ˈbɔlɐ,a play or move in a game/sport
bola,testicles,NOUN,ˈbɔlɐ,(slang) testicles
cerco,blockade,NOUN,ˈseɾku,act of blocking or barring passage
cerco,enclosure_limit,NOUN,ˈseɾku,that which bounds a space; a circular arrangement around something
cerco,harassment,NOUN,ˈseɾku,persistent importuning/harassment
cerco,hunt_ring,NOUN,ˈseɾku,ring formation of hunters to corner game
cerco,outhouse,NOUN,ˈseɾku,privy / outdoor toilet
cerco,purse_seine,NOUN,ˈseɾku,fishing gear whose nets form a circle to catch fish
cerco,seiner_boat,NOUN,ˈseɾku,boat that uses purse-seine gear
cerco,siege,NOUN,ˈseɾku,act of encircling/walling around; military encirclement of the enemy
cerco,string_of_misfortune,NOUN,ˈseɾku,succession of dire events that constrain someone/something
cerco,surround,VERB,ˈsɛɾku,I surround / lay siege to (1sg pres of cercar)
cerro,hill,NOUN,ˈseʁu,"a small rise of land, hillock"
cerro,pork_loin_cut,NOUN,ˈseʁu,cut of pork loin next to the rind
cerro,shut,VERB,ˈsɛʁu,I shut / close / seal (1sg pres of cerrar)
choco,addled,ADJ,ˈʃoku,(of an egg) with developing embryo; (of birds) feverish during incubation; broody (sitting on eggs)
choco,brooding,NOUN,ˈʃoku,act/effect of brooding; the incubation period
choco,cuttlefish,NOUN,ˈʃoku,"cuttlefish (cephalopod mollusc, genus Sepia)"
choco,flat,ADJ,ˈʃoku,(of a drink) that has lost its fizz
choco,listless,ADJ,ˈʃoku,lacking any will to do anything; listless
choco,rotten,ADJ,ˈʃoku,"rotten, gone bad"
choco,hatch,VERB,ˈʃɔku,I brood/incubate (1sg pres of chocar)
choro,animal_wail,NOUN,ˈʃoɾu,"moan, howl or plaintive sound made by some animals"
choro,choro_music,NOUN,ˈʃoɾu,"choro, a melodious sentimental genre of Brazilian popular music"
choro,funeral_wake,NOUN,ˈʃoɾu,"funeral ceremony honouring the dead, with music and chants"
choro,lamentation,NOUN,ˈʃoɾu,"lamentation, wailing"
choro,plaintive_sound,NOUN,ˈʃoɾu,plaintive or melancholic sound of certain musical instruments
choro,sap_weeping,NOUN,ˈʃoɾu,exudation of raw sap from cut surfaces of plants
choro,weeping,NOUN,ˈʃoɾu,"act of weeping, shedding tears in reaction to pain or strong emotion"
choro,weep,VERB,ˈʃɔɾu,"1sg present of chorar: to weep, shed tears"
cobro,cessation,NOUN,ˈkobɾu,(protected: operational roster)
cobro,collection,NOUN,ˈkobɾu,act or effect of charging/collecting what is owed
cobro,crown_levy,NOUN,ˈkobɾu,feudal due levied by the crown on tenants of certain royal lands
cobro,end,NOUN,ˈkobɾu,"end, term, stop (as in 'pôr cobro a' = to put a stop to)"
cobro,retrieve,NOUN,ˈkobɾu,a dog's retrieval of downed game and delivery to the hunter
cobro,safe_place,NOUN,ˈkobɾu,"safe place to keep money, jewellery, etc."
cobro,storage,NOUN,ˈkobɾu,"storing away, putting in safekeeping (arrecadação)"
cobro,collect,VERB,ˈkɔbɾu,"1sg present of cobrar: to charge, collect (a debt/payment)"
colher,catch_by_surprise,VERB,kuˈʎeɾ,"to surprise, catch unawares"
colher,compile,VERB,kuˈʎeɾ,"to collect, compile (coligir)"
colher,harvest,VERB,kuˈʎeɾ,"infinitive colher: to pick/gather from a plant (fruit, flowers, leaves)"
colher,hit,VERB,kuˈʎeɾ,"to hit, strike, reach (atingir)"
colher,infer,VERB,kuˈʎeɾ,"to infer, deduce"
colher,receive,VERB,kuˈʎeɾ,"to receive, get"
colher,run_over,VERB,kuˈʎeɾ,"to run over, knock down (atropelar)"
colher,take,VERB,kuˈʎeɾ,to take
colher,fishing_net_scoop,NOUN,kuˈʎɛɾ,"scoop net utensil with handle and mesh, used for fishing"
colher,long_tailed_bird,NOUN,kuˈʎɛɾ,"small long-tailed bird (magpie/azure-winged, rabilongo)"
colher,old_goods_tax,NOUN,kuˈʎɛɾ,old tax levied on goods/produce
colher,spoon,NOUN,kuˈʎɛɾ,"spoon, domestic utensil with handle and concave bowl"
colher,spoon_shaped_tool,NOUN,kuˈʎɛɾ,extensive name for various spoon-shaped utensils (e.g. trowel)
colher,spoonful,NOUN,kuˈʎɛɾ,"spoonful, the contents of a spoon"
colmo,culm,NOUN,ˈkoɫmu,"culm, jointed stem with sheathing leaves as in grasses"
colmo,thatch_straw,NOUN,ˈkoɫmu,straw used to roof some huts (thatch)
colmo,thatch,VERB,ˈkɔɫmu,(protected: operational roster)
colmo,thatch_verb,VERB,ˈkɔɫmu,1sg present of colmar: to thatch (roof with straw)
começo,beginning,NOUN,kuˈmesu,fact of beginning; first instant of existence or execution of something
começo,cause,NOUN,kuˈmesu,cause
começo,first_attempts,NOUN,kuˈmesu,first attempts or experiences; trial run (ensaio)
começo,origin,NOUN,kuˈmesu,"origin, source"
começo,begin,VERB,kuˈmɛsu,"1sg present of começar: to begin, start"
conforto,comfort,NOUN,kõˈfoɾtu,(protected: operational roster)
conforto,comfort_act,NOUN,kõˈfoɾtu,act or effect of comforting
conforto,convenience,NOUN,kõˈfoɾtu,"comfort, convenience, amenity (comodidade)"
conforto,solace,NOUN,kõˈfoɾtu,"aid, solace in distress"
conforto,wellbeing,NOUN,kõˈfoɾtu,well-being
conforto,soothe,VERB,kõˈfɔɾtu,"1sg present of confortar: to comfort, strengthen, console"
congelo,embargo,NOUN,kõˈʒelu,"embargo, freeze (e.g. of assets/prices)"
congelo,freezing,NOUN,kõˈʒelu,act or effect of freezing
congelo,freeze,VERB,kõˈʒɛlu,"1sg present of congelar: to freeze, make pass from liquid to solid"
conserto,arrangement,NOUN,kõˈseɾtu,"arrangement, fix-up (arranjo)"
conserto,makeshift_remedy,NOUN,kõˈseɾtu,"makeshift remedy, stopgap (remedeio)"
conserto,patch,NOUN,kõˈseɾtu,"patch, mend (remendo)"
conserto,repair,NOUN,kõˈseɾtu,act or effect of repairing; repair
conserto,mend,VERB,kõˈsɛɾtu,"1sg present of consertar: to mend, repair, fix"
consolo,consolation,NOUN,kõˈsolu,(protected: operational roster)
consolo,consolation_act,NOUN,kõˈsolu,act or effect of consoling
consolo,console_table,NOUN,kõˈsolu,console table: long narrow table set against a wall for decorative objects
consolo,solace,NOUN,kõˈsolu,that which relieves or comforts
consolo,wall_bracket,NOUN,kõˈsolu,"projecting wall element (corbel) supporting vases, sculptures, cornices"
consolo,console,VERB,kõˈsɔlu,"1sg present of consolar: to console, relieve distress or pain"
contorno,contour,NOUN,kõˈtoɾnu,line or surface that bounds a figure or body externally; outline
contorno,contoured_aspect,NOUN,kõˈtoɾnu,appearance of something contoured
contorno,edge,NOUN,kõˈtoɾnu,"border, edge"
contorno,outline,NOUN,kõˈtoɾnu,"delineation, outline (delineamento)"
contorno,phrasing_elegance,NOUN,kõˈtoɾnu,elegance of phrasing/expression
contorno,relief_trace,NOUN,kõˈtoɾnu,tracing of a relief (cartographic contour line)
contorno,turn_around,NOUN,kõˈtoɾnu,"turn, going around (volta)"
contorno,circumvent,VERB,kõˈtɔɾnu,"1sg present of contornar: to trace the outline of, go around, get around"
cor,character,NOUN,ˈkoɾ,"character, nature (carácter)"
cor,chromatic_colour,NOUN,ˈkoɾ,"colour as opposed to black, white or grey"
cor,colour,NOUN,ˈkoɾ,colour: visual impression produced by light per wavelength
cor,colour_property,NOUN,ˈkoɾ,property of a body to produce a colour impression by reflecting/emitting light
cor,coloured_appearance,NOUN,ˈkoɾ,state or aspect of a coloured body
cor,complexion,NOUN,ˈkoɾ,natural colouring of the skin/complexion
cor,image_colour_quality,NOUN,ˈkoɾ,chromatic quality of an image
cor,local_colour,NOUN,ˈkoɾ,"set of characteristic aspects of a place, era, etc. (local colour)"
cor,pigment,NOUN,ˈkoɾ,"substance (pigment, paint) used to give colour"
cor,political_affiliation,NOUN,ˈkoɾ,political opinion/leaning (cor política)
cor,predominant_colour,NOUN,ˈkoɾ,predominant colouring of something
cor,symbolic_colour,NOUN,ˈkoɾ,"colour symbolizing a group, entity, etc."
cor,by_heart,NOUN,ˈkɔɾ,"heart (organ); chiefly in 'de cor' = by heart, from memory"
coro,angelic_order,NOUN,ˈkoɾu,each of the nine hierarchies of angels
coro,chancel,NOUN,ˈkoɾu,part of a church reserved for the divine offices and chants
coro,choir,NOUN,ˈkoɾu,group of people who sing together in unison or in parts
coro,choral_piece,NOUN,ˈkoɾu,musical composition to be sung by a choir
coro,chorus_of_actors,NOUN,ˈkoɾu,group of actors who recite or sing together
coro,chorus_of_sounds,NOUN,ˈkoɾu,ensemble of voices or sounds
coro,dance_troupe,NOUN,ˈkoɾu,group of people performing dances
coro,lie,NOUN,ˈkoɾu,"a lie, falsehood"
coro,refrain,NOUN,ˈkoɾu,passage repeated at the end of each stanza (music or lyrics)
coro,blush,VERB,ˈkɔɾu,"to redden, make colours rise (1sg pres. of corar)"
corte,cattle_pen,NOUN,ˈkoɾtɨ,enclosure where livestock is kept (fem.)
corte,circle_of_flatterers,NOUN,ˈkoɾtɨ,circle of sycophants (fem.)
corte,court,NOUN,ˈkoɾtɨ,(protected: operational roster)
corte,court_martial,NOUN,ˈkoɾtɨ,(protected: operational roster)
corte,court_of_law,NOUN,ˈkoɾtɨ,(protected: operational roster)
corte,courtiers,NOUN,ˈkoɾtɨ,the people who reside at and surround a king (fem.)
corte,courtship,NOUN,ˈkoɾtɨ,wooing (fem.)
corte,parliament,NOUN,ˈkoɾtɨ,assembly of a nation's representatives; parliament (fem.)
corte,pigsty_stall,NOUN,ˈkoɾtɨ,division of a pigsty (fem.)
corte,retinue,NOUN,ˈkoɾtɨ,entourage (fem.)
corte,royal_court,NOUN,ˈkoɾtɨ,residence of a monarch and those who reside with them (fem.)
corte,blade_edge,NOUN,ˈkɔɾtɨ,the cutting edge of a sharp instrument
corte,book_edge,NOUN,ˈkɔɾtɨ,each of the three surfaces formed by the edges of a closed book's leaves
corte,breakup,NOUN,ˈkɔɾtɨ,breaking off of a relationship
corte,closure,NOUN,ˈkɔɾtɨ,road closure; blockage
corte,cloth_length,NOUN,ˈkɔɾtɨ,amount of cloth needed to make a garment
corte,cross_section,NOUN,ˈkɔɾtɨ,graphic representation of a plane section of a building or machine
corte,cut,NOUN,ˈkɔɾtɨ,act or effect of cutting; cut made with a sharp object
corte,cutback,NOUN,ˈkɔɾtɨ,reduction in quantity or dimension of something
corte,cutoff,NOUN,ˈkɔɾtɨ,interruption in the continuity of something (e.g. supply)
corte,elimination,NOUN,ˈkɔɾtɨ,"elimination, removal (e.g. from a competition)"
corte,garment_cut,NOUN,ˈkɔɾtɨ,the cut/shape of a garment as tailored
corte,haircut,NOUN,ˈkɔɾtɨ,the shape/style assumed by treated hair
corte,interception,NOUN,ˈkɔɾtɨ,interception of a pass or shot by an opposing player
corte,killjoy,NOUN,ˈkɔɾtɨ,person who spoils others' fun
corte,reneger,NOUN,ˈkɔɾtɨ,person who refuses to do what they had committed to
corte,suppression,NOUN,ˈkɔɾtɨ,suppression or reduction of the effect of something
corte,tailoring,NOUN,ˈkɔɾtɨ,operation of cutting fabric to set patterns
corte,wound,NOUN,ˈkɔɾtɨ,injury caused by contact with a sharp surface or instrument
decoro,decorum,NOUN,dɨˈkoɾu,respect for social norms and good manners; honesty
decoro,modesty,NOUN,dɨˈkoɾu,decency/modesty in action and speech
decoro,stylistic_decorum,NOUN,dɨˈkoɾu,appropriateness of literary style to its subject
decoro,decorate,VERB,dɨˈkɔɾu,"to adorn, decorate (1sg pres. of decorar)"
decoro,memorize,VERB,dɨˈkɔɾu,to learn by heart (1sg pres. of decorar)
degelo,détente,NOUN,dɨˈʒelu,gradual easing of a tense situation or state
degelo,thaw,NOUN,dɨˈʒelu,act or effect of thawing
degelo,thaw_phenomenon,NOUN,dɨˈʒelu,gradual melting of ice and snow on Earth's surface from rising temperature
degelo,thaw_out,VERB,dɨˈʒɛlu,to melt the ice off; to warm (1sg pres. of degelar)
desacordo,disagreement,NOUN,dɨzɐˈkoɾdu,lack of agreement
desacordo,discord_musical,NOUN,dɨzɐˈkoɾdu,"musical discord, being out of tune"
desacordo,faint,NOUN,dɨzɐˈkoɾdu,"a faint, swoon"
desacordo,disagree,VERB,dɨzɐˈkɔɾdu,to put out of accord/harmony (1sg pres. of desacordar)
desafogo,affluence,NOUN,dɨzɐˈfoɡu,"ampleness of means, financial comfort"
desafogo,ease,NOUN,dɨzɐˈfoɡu,"freedom from constraint, unburdening"
desafogo,relief,NOUN,dɨzɐˈfoɡu,freeing from what suffocates or oppresses; alleviation
desafogo,relieve,VERB,dɨzɐˈfɔɡu,to free from what suffocates or oppresses (1sg pres. of desafogar)
desaforo,insolence,NOUN,dɨzɐˈfoɾu,"scandal; insolence, affront"
desaforo,affront,VERB,dɨzɐˈfɔɾu,to exempt from paying ground-rent; to judge in a different jurisdiction (1sg pres. of desaforar)
desapego,abandonment,NOUN,dɨzɐˈpeɡu,"abandonment, neglect"
desapego,indifference,NOUN,dɨzɐˈpeɡu,"indifference, detachment"
desapego,lack_of_affection,NOUN,dɨzɐˈpeɡu,lack of love/affection
desapego,let_go,VERB,dɨzɐˈpɛɡu,"to detach, unstick; become less attached (1sg pres. of desapegar)"
desassossego,agitation,NOUN,dɨzɐsuˈseɡu,"agitation, turmoil"
desassossego,disquiet,NOUN,dɨzɐsuˈseɡu,lack of calm; restlessness
desassossego,unease,NOUN,dɨzɐsuˈseɡu,"inquietude, anxiety"
desassossego,disturb,VERB,dɨzɐsuˈsɛɡu,to deprive of calm; to make restless (1sg pres. of desassossegar)
desconforto,discomfort,NOUN,dɨʃkõˈfoɾtu,lack of comfort or convenience
desconforto,dismay,NOUN,dɨʃkõˈfoɾtu,"disconsolation, dejection"
desconforto,discomfit,VERB,dɨʃkõˈfɔɾtu,to take comfort from; to unsettle (1sg pres. of desconfortar)
desconsolo,disconsolation,NOUN,dɨʃkõˈsolu,"sadness, grief, sorrow"
desconsolo,dissatisfaction,NOUN,dɨʃkõˈsolu,"dissatisfaction, discontent"
desconsolo,dishearten,VERB,dɨʃkõˈsɔlu,to cause disconsolation (1sg pres. of desconsolar)
desdobro,unfolding,NOUN,dɨʒˈdobɾu,(protected: operational roster)
desdobro,unfolding_machine,NOUN,dɨʒˈdobɾu,machine for unfolding/spreading out
desdobro,unfold,VERB,dɨʒˈdɔbɾu,"1sg present of desdobrar: to unfold, spread open, separate"
desempeno,agility,NOUN,dɨzẽˈpenu,"agility, nimbleness; ease, self-assurance (à-vontade)"
desempeno,gracefulness,NOUN,dɨzẽˈpenu,"grace, poise (garbo)"
desempeno,straightening,NOUN,dɨzẽˈpenu,"act/effect of straightening; flattening, levelling"
desempeno,surface_plate,NOUN,dɨzẽˈpenu,straightedge/plate used to check the flatness of a piece or surface
desempeno,straighten,VERB,dɨzẽˈpɛnu,"1sg present of desempenar: to straighten, take the warp out of"
desemperro,ease,NOUN,dɨzẽˈpeʁu,"unimpeded ease, freedom of movement (desembaraço)"
desemperro,free_moving_state,NOUN,dɨzẽˈpeʁu,state of moving/sliding/articulating without difficulty
desemperro,unjamming,NOUN,dɨzẽˈpeʁu,"act/effect of unjamming, of freeing what was stuck"
desemperro,unjam,VERB,dɨzẽˈpɛʁu,"1sg present of desemperrar: to unjam, loosen, free up"
desempeço,free_up,VERB,dɨzẽˈpesu,"1sg present of desempecer: to free up, clear of obstacles"
desempeço,relief,NOUN,dɨzẽˈpesu,relief (alívio)
desempeço,riddance,NOUN,dɨzẽˈpesu,act/effect of removing an obstacle; removal of what hinders
desemprego,unemployment,NOUN,dɨzẽˈpɾeɡu,lack of employment; condition of being out of work
desemprego,unemployment_rate,NOUN,dɨzẽˈpɾeɡu,number of people without a job in an area or sector
desemprego,noun,NOUN,dɨzẽˈpɾeɡu,(protected: operational roster)
desemprego,lay_off,VERB,dɨzẽˈpɾɛɡu,1sg present of desempregar: to lay off / leave one's job
desemprego,verb,VERB,dɨzẽˈpɾɛɡu,(protected: operational roster)
desenredo,denouement,NOUN,dɨzẽˈʁedu,"denouement, resolution of a plot (desenlace)"
desenredo,disentanglement,NOUN,dɨzẽˈʁedu,separation of what is entangled or tangled up
desenredo,intrigue_exposure,NOUN,dɨzẽˈʁedu,discovery or neutralization of an intrigue/conspiracy
desenredo,solution,NOUN,dɨzẽˈʁedu,"solution, way out (solução)"
desenredo,disentangle,VERB,dɨzẽˈʁɛdu,"1sg present of desenredar: to disentangle, resolve, explain"
desespero,despair,NOUN,dɨzɨʃˈpeɾu,hopelessness with violent feelings of grief/revolt
desespero,distress,NOUN,dɨzɨʃˈpeɾu,"distress, affliction (aflição)"
desespero,powerlessness,NOUN,dɨzɨʃˈpeɾu,sense of powerlessness/helplessness
desespero,despair_at,VERB,dɨzɨʃˈpɛɾu,1sg present of desesperar: to drive to despair / lose hope
desgelo,defrosting,NOUN,dɨˈʒelu,"thaw, defrosting (variant of degelo)"
desgelo,defrost,VERB,dɨˈʒɛlu,1sg present of desgelar: to thaw/defrost
desgosto,displeasure,NOUN,dɨʒˈɡoʃtu,"displeasure, dislike (desagrado)"
desgosto,distaste,NOUN,dɨʒˈɡoʃtu,"absence of liking, distaste (ausência de gosto)"
desgosto,sorrow,NOUN,dɨʒˈɡoʃtu,"sorrow, grief (mágoa)"
desgosto,dislike,VERB,dɨʒˈɡɔʃtu,1sg present of desgostar: to displease / not like / lose taste for
desmantelo,dismantling,NOUN,dɨʒmɐ̃ˈtelu,act/effect of dismantling
desmantelo,genital_disorder,NOUN,dɨʒmɐ̃ˈtelu,any female genital disturbance
desmantelo,menstruation,NOUN,dɨʒmɐ̃ˈtelu,menstruation
desmantelo,dismantle,VERB,dɨʒmɐ̃ˈtɛlu,"1sg present of desmantelar: to dismantle, demolish, take apart"
despego,detachment,NOUN,dɨʃˈpeɡu,"lack of attachment/affection, indifference"
despego,detachment_act,NOUN,dɨʃˈpeɡu,"act/effect of detaching, unsticking"
despego,detach,VERB,dɨʃˈpɛɡu,"1sg present of despegar: to detach, unstick, come loose"
despojo,cast_off_remains,NOUN,dɨsˈpoʒu,what is shed or torn off after having served as adornment; remains
despojo,despoiling,NOUN,dɨsˈpoʒu,"act or effect of despoiling, plundering"
despojo,estate_inheritance,NOUN,dɨsˈpoʒu,estate left by a deceased person; inheritance
despojo,mortal_remains,NOUN,dɨsˈpoʒu,"mortal remains, dead body"
despojo,spoils,NOUN,dɨsˈpoʒu,"spoils, booty, prey taken"
despojo,strip,VERB,dɨsˈpɔʒu,"I strip, deprive, rob (1sg present of despojar)"
desprezo,contempt,NOUN,dɨʃˈpɾezu,lack of esteem or appreciation; contempt
desprezo,contempt_act,NOUN,dɨʃˈpɾezu,act or effect of despising
desprezo,disregard,NOUN,dɨʃˈpɾezu,disregard for someone or something
desprezo,despise,VERB,dɨʃˈpɾɛzu,"I despise, scorn, disregard (1sg present of desprezar)"
destroço,rout,NOUN,dɨʃˈtɾosu,"rout, defeat, scattering (desbarate)"
destroço,ruin,NOUN,dɨʃˈtɾosu,ruin
destroço,wreckage,NOUN,dɨʃˈtɾosu,"remains of something destroyed; wreckage, debris"
destroço,wrecking,NOUN,dɨʃˈtɾosu,"act or effect of wrecking, smashing"
destroço,wreck,VERB,dɨʃˈtɾɔsu,"I wreck, smash, scatter, rout (1sg present of destroçar)"
desvelo,devotion,NOUN,dɨʒˈvelu,"zeal, devotion"
desvelo,great_affection,NOUN,dɨʒˈvelu,"extreme fondness, great affection"
desvelo,loving_care,NOUN,dɨʒˈvelu,"loving care, solicitude"
desvelo,object_of_devotion,NOUN,dɨʒˈvelu,object or person toward whom such feelings are held
desvelo,vigilance,NOUN,dɨʒˈvelu,"vigilance, watchfulness"
desvelo,unveil,VERB,dɨʒˈvɛlu,"I watch over, take great care; lose sleep (1sg present of desvelar)"
dobro,double,NOUN,ˈdobɾu,(protected: operational roster)
dobro,double_amount,NOUN,ˈdobɾu,the double; a value or quantity twice as large
dobro,fold,VERB,ˈdɔbɾu,"I fold, bend, double (1sg present of dobrar)"
domo,dome,NOUN,ˈdomu,outer upper part of a cupola; dome
domo,dome_structure,NOUN,ˈdomu,hemispherical structure resembling a dome
domo,geological_dome,NOUN,ˈdomu,anticlinal fold dipping equally in all directions (geology)
domo,tame,VERB,ˈdɔmu,"I tame, subdue, dominate (1sg present of domar)"
empeno,accounting_discrepancy,NOUN,ẽˈpenu,difference/discrepancy in accounts
empeno,difficulty,NOUN,ẽˈpenu,difficulty
empeno,hindrance,NOUN,ẽˈpenu,"hindrance, obstacle (estorvo)"
empeno,warp_in_wood,NOUN,ẽˈpenu,twisting of wood caused by humidity or heat
empeno,warping,NOUN,ẽˈpenu,act of warping; warpage
empeno,warp,VERB,ẽˈpɛnu,"I warp, twist or bend by humidity/heat (1sg present of empenar)"
emperro,jam,NOUN,ẽˈpeʁu,"jamming, sticking, seizing-up (= emperramento)"
emperro,stick,VERB,ẽˈpɛʁu,"I jam, make stick, hinder movement (1sg present of emperrar)"
emprego,employment_act,NOUN,ẽˈpɾeɡu,act or effect of employing or being employed
emprego,job,NOUN,ẽˈpɾeɡu,paid occupation; job
emprego,post,NOUN,ẽˈpɾeɡu,"duties of an employee; post, function"
emprego,use,NOUN,ẽˈpɾeɡu,application or exercise of faculties; use
emprego,employ,VERB,ẽˈpɾɛɡu,"I employ, apply, make use of (1sg present of empregar)"
encosto,attaching_spirit,NOUN,ẽˈkoʃtu,disembodied spirit that accompanies someone to help or disturb
encosto,backrest,NOUN,ẽˈkoʃtu,back of a seat; backrest
encosto,enclosed_land,NOUN,ẽˈkoʃtu,strip of land surrounded by scrub with a single entrance
encosto,inarching_graft,NOUN,ẽˈkoʃtu,type of graft (inarching)
encosto,lover,NOUN,ẽˈkoʃtu,"lover, paramour"
encosto,protection,NOUN,ẽˈkoʃtu,"protection, backing"
encosto,riverbank_pool_zone,NOUN,ẽˈkoʃtu,zone where pools form on riverbanks
encosto,shove,NOUN,ẽˈkoʃtu,slight pressure or push
encosto,support,NOUN,ẽˈkoʃtu,thing against which someone/something leans; support
encosto,lean,VERB,ẽˈkɔʃtu,"I lean, prop, place side by side (1sg present of encostar)"
engodo,bait,NOUN,ẽˈɡodu,food used to attract animals for hunting or fishing; bait
engodo,enticement,NOUN,ẽˈɡodu,"thing with which someone is lured; enticement, lure"
engodo,silt_deposit,NOUN,ẽˈɡodu,fertile substance carried by water from cultivated land; silt
engodo,lure,VERB,ẽˈɡɔdu,"I lure, entice, deceive with vain promises (1sg present of engodar)"
enredo,complication,NOUN,ẽˈʁedu,complicated situation; confusion
enredo,entanglement,NOUN,ẽˈʁedu,act of entangling; embarrassment; tangle
enredo,intrigue,NOUN,ẽˈʁedu,"intrigue, scheming"
enredo,plot,NOUN,ẽˈʁedu,set of events making up the action of a narrative
enredo,entangle,VERB,ẽˈʁɛdu,"(1sg) I entangle, ensnare, confuse"
entorno,neighborhood_topology,NOUN,ẽˈtoɾnu,"in topology, set of points around a given point"
entorno,outskirts,NOUN,ẽˈtoɾnu,area surrounding a town or city
entorno,surroundings,NOUN,ẽˈtoɾnu,that which surrounds something or someone
entorno,spill,VERB,ẽˈtɔɾnu,"(1sg) I tip/overturn, spilling the contents"
erro,error,NOUN,ˈeʁu,"incorrect decision, act or answer"
erro,error_value,NOUN,ˈeʁu,deviation between exact value and measured/computed value
erro,falsehood,NOUN,ˈeʁu,quality of what does not correspond to truth
erro,fault,NOUN,ˈeʁu,"fault, lapse"
erro,misjudgement,NOUN,ˈeʁu,appraisal at odds with observed reality
erro,err,VERB,ˈɛʁu,"(1sg) I make a mistake, am wrong, miss"
esboço,beginning,NOUN,ɨʒˈbosu,beginning; action started but not completed; early perfectible stage
esboço,general_notions,NOUN,ɨʒˈbosu,"general notions, rough idea"
esboço,sketch,NOUN,ɨʒˈbosu,initial outline of a drawing or painting
esboço,summary,NOUN,ɨʒˈbosu,summary; brief plan; synopsis of a literary work
esboço,outline,VERB,ɨʒˈbɔsu,"(1sg) I sketch, outline, give a faint idea of"
escabelo,chest_bench,NOUN,ɨʃkɐˈbelu,long wide bench whose movable seat is the lid of a chest
escabelo,stool,NOUN,ɨʃkɐˈbelu,low seat; footstool
escabelo,dishevel,VERB,ɨʃkɐˈbɛlu,(protected: operational roster)
escorço,cork_vessel,NOUN,ɨʃˈkoɾsu,"cork vessel, also called corticeira"
escorço,foreshortening,NOUN,ɨʃˈkoɾsu,reduction of a drawing's dimensions; figure smaller than the object
escorço,small_work,NOUN,ɨʃˈkoɾsu,small-scale work
escorço,synthesis,NOUN,ɨʃˈkoɾsu,"synthesis; sketch, brief outline"
escorço,foreshorten,VERB,ɨʃˈkɔɾsu,(protected: operational roster)
esforço,attempt,NOUN,ɨʃˈfoɾsu,attempt; diligence
esforço,courage,NOUN,ɨʃˈfoɾsu,courage
esforço,effort,NOUN,ɨʃˈfoɾsu,act/effect of striving; use of force or energy
esforço,strive,VERB,ɨʃˈfɔɾsu,"(1sg) I make an effort, take courage"
esmero,meticulousness,NOUN,ɨʒˈmeɾu,act/effect of taking great care; extreme care
esmero,perfection,NOUN,ɨʒˈmeɾu,perfection; correctness
esmero,perfect,VERB,ɨʒˈmɛɾu,(1sg) I do with care; I perfect (myself)
espeto,beanpole,NOUN,ɨʃˈpetu,"tall, very thin person"
espeto,nuisance,NOUN,ɨʃˈpetu,"nuisance, bother"
espeto,skewer,NOUN,ɨʃˈpetu,iron/wood rod for roasting meat or fish; pointed stick
espeto,stab,VERB,ɨʃˈpɛtu,(1sg) I pierce with a skewer or pointed object
estofo,mettle,NOUN,ɨʃˈtofu,condition; physical or psychological resilience; quality
estofo,stuffing,NOUN,ɨʃˈtofu,cotton/wool padding used to cushion chairs and sofas
estofo,upholstered_furniture,NOUN,ɨʃˈtofu,furniture covered with upholstery fabric
estofo,upholstery_fabric,NOUN,ɨʃˈtofu,"thick fabric used to cover sofas, chairs, curtains"
estofo,upholster,VERB,ɨʃˈtɔfu,(1sg) I upholster; I stuff with soft material
forma,cheese_mould,NOUN,ˈfoɾmɐ,hoop/mould in which cheese is pressed
forma,hat_block,NOUN,ˈfoɾmɐ,piece used in millinery to mould a hat crown; the crown itself; hat frame
forma,mould,NOUN,ˈfoɾmɐ,mould over/in which something is made taking its shape and dimensions
forma,printing_forme,NOUN,ˈfoɾmɐ,type made ready for the printing press
forma,shoe_last,NOUN,ˈfoɾmɐ,wooden foot-shaped piece used in shoemaking
forma,artistic_form,NOUN,ˈfɔɾmɐ,mode of expression in a plastic or literary work; structure of a composition
forma,concrete_realization,NOUN,ˈfɔɾmɐ,concrete realization of something
forma,condition,NOUN,ˈfɔɾmɐ,physical or intellectual state (fitness)
forma,essence,NOUN,ˈfɔɾmɐ,principle determining the unity and essence of a being
forma,kantian_form,NOUN,ˈfɔɾmɐ,innate cognitive structures imposed by thought on knowledge
forma,kind,NOUN,ˈfɔɾmɐ,group of beings of a species sharing specific characters; type
forma,legal_formalities,NOUN,ˈfɔɾmɐ,formalities required for a legal act to be valid
forma,linguistic_form,NOUN,ˈfɔɾmɐ,set of phonological/grammatical/lexical features; a lexical unit's realization
forma,manner,NOUN,ˈfɔɾmɐ,"way, manner"
forma,pharma_form,NOUN,ˈfɔɾmɐ,presentation form of a pharmaceutical product
forma,ritual_words,NOUN,ˈfɔɾmɐ,words accompanying a rite
forma,shape,NOUN,ˈfɔɾmɐ,outer limits/contours of an object giving it a configuration
forma,shape_verb,VERB,ˈfɔɾmɐ,"(1sg) I shape, form"
forma,troop_formation,NOUN,ˈfɔɾmɐ,ordered arrangement of troops
forma,vague_form,NOUN,ˈfɔɾmɐ,"object perceived confusedly, indistinct figure"
forro,attic_space,NOUN,ˈfoʁu,space between ceiling and roof
forro,building_cladding,NOUN,ˈfoʁu,outer or inner covering of buildings
forro,ceiling_boards,NOUN,ˈfoʁu,set of boards lining the ceiling of a room
forro,exempt,ADJ,ˈfoʁu,exempt from payments
forro,forro_creole,NOUN,ˈfoʁu,Portuguese-lexified creole spoken in Sao Tome
forro,freed,ADJ,ˈfoʁu,"freed, manumitted (having obtained manumission)"
forro,garment_lining,NOUN,ˈfoʁu,inner lining of clothing and footwear
forro,hull_planking,NOUN,ˈfoʁu,outer planking of a ship's bottom
forro,interfacing,NOUN,ˈfoʁu,interfacing stiffener (entretela)
forro,lining,NOUN,ˈfoʁu,"any material used to fill, line or reinforce the inside of an artefact"
forro,padding,NOUN,ˈfoʁu,"wadding, padding (chumaco)"
forro,sao_tomean,ADJ,ˈfoʁu,relating to Sao Tome and Principe or its natives
forro,sao_tomean_person,NOUN,ˈfoʁu,native of Sao Tome and Principe
forro,saved_up,ADJ,ˈfoʁu,"saved, economized"
forro,upholstery,NOUN,ˈfoʁu,"covering/lining of chairs, sofas, etc."
forro,wallpaper,NOUN,ˈfoʁu,paper that lines the walls
forro,well_off,ADJ,ˈfoʁu,"well-off, in funds (abonado)"
forro,line,VERB,ˈfɔʁu,to line with fabric/paper/material; to pad; to reinforce (1sg of forrar)
força,by_force,NOUN,ˈfoɾsɐ,by coercion / forcibly (a forca)
força,cause,NOUN,ˈfoɾsɐ,cause
força,coercion,NOUN,ˈfoɾsɐ,"set of means used to compel someone (force, coercion)"
força,encouragement,NOUN,ˈfoɾsɐ,(protected: operational roster)
força,go_ahead,NOUN,ˈfoɾsɐ,(protected: operational roster)
força,hernia,NOUN,ˈfoɾsɐ,hernia
força,impulse,NOUN,ˈfoɾsɐ,"impulse, momentum"
força,influence,NOUN,ˈfoɾsɐ,capacity to exert influence over others
força,military_force,NOUN,ˈfoɾsɐ,body of troops/ships/aircraft assigned to a mission
força,physical_force,NOUN,ˈfoɾsɐ,any cause able to deform or change a body's state of rest/motion
força,power_of_action,NOUN,ˈfoɾsɐ,strong capacity for action of something
força,strength,NOUN,ˈfoɾsɐ,faculty to operate/act/move; muscular or mental energy
força,force,VERB,ˈfɔɾsɐ,to compel by force; to obtain by force (1sg of forcar)
fosso,ditch,NOUN,ˈfosu,(protected: operational roster)
fosso,drainage_ditch,NOUN,ˈfosu,furrow in the ground to drain water
fosso,gulf_between,NOUN,ˈfosu,great distance/gulf between people or things
fosso,moat,NOUN,ˈfosu,deep regular excavation around fortifications to block the enemy
fosso,pit,NOUN,ˈfosu,hole/cavity of variable depth
fosso,stadium_trench,NOUN,ˈfosu,trench separating the pitch from the stands in stadiums
fosso,workbench_recess,NOUN,ˈfosu,lengthwise recess in a workbench for tools and accessories
fosso,root_up,VERB,ˈfɔsu,to dig pits/ditches in; to rummage to uncover something (1sg of fossar)
gelo,cold_reaction,NOUN,ˈʒelu,an unfriendly reaction
gelo,extreme_cold,NOUN,ˈʒelu,excessive cold
gelo,ice,NOUN,ˈʒelu,water in solid state
gelo,indifference,NOUN,ˈʒelu,"indifference, coldness"
gelo,insensitivity,NOUN,ˈʒelu,insensitivity
gelo,freeze,VERB,ˈʒɛlu,to turn into ice; to chill greatly (1sg of gelar)
golfo,gulf,NOUN,ˈɡoɫfu,"large coastal indentation, bigger than a bay"
golfo,spurt,NOUN,ˈɡoɫfu,portion of liquid gushing out forcefully at once (golfada)
golfo,water_lily,NOUN,ˈɡoɫfu,water lily plant of genus Nymphaea
golfo,spew,VERB,ˈɡɔɫfu,to spew out in gushes; to utter impetuously (1sg of golfar)
gosto,aesthetic_taste,NOUN,ˈɡoʃtu,capacity to appreciate aesthetic value
gosto,artistic_style,NOUN,ˈɡoʃtu,particular stamp an artist gives to their work
gosto,criterion,NOUN,ˈɡoʃtu,"criterion, judgement"
gosto,elegance,NOUN,ˈɡoʃtu,elegance
gosto,fashion,NOUN,ˈɡoʃtu,"fashion, taste of the time"
gosto,flavour,NOUN,ˈɡoʃtu,flavour of food
gosto,liking,NOUN,ˈɡoʃtu,"liking, agreeableness (agrado)"
gosto,pleasure,NOUN,ˈɡoʃtu,impression or pleasure given by something
gosto,taste,NOUN,ˈɡoʃtu,(protected: operational roster)
gosto,taste_sense,NOUN,ˈɡoʃtu,the sense by which flavour is perceived
gosto,like,VERB,ˈɡɔʃtu,to find pleasant/tasty; to enjoy; to be fond of (1sg of gostar)
governo,arrangement,NOUN,ɡuˈveɾnu,"arrangement, ordering (arranjo)"
governo,cabinet,NOUN,ɡuˈveɾnu,set of individuals elected/appointed to exercise those powers
governo,control,NOUN,ɡuˈveɾnu,capacity of control over
governo,corporate_management,NOUN,ɡuˈveɾnu,administration and leadership of a company or institution
governo,executive_power,NOUN,ɡuˈveɾnu,the executive power
governo,governing,NOUN,ɡuˈveɾnu,act or effect of governing; direction
governo,government,NOUN,ɡuˈveɾnu,exercise of administrative and political powers of a State
governo,governorate,NOUN,ɡuˈveɾnu,territory under a governor's jurisdiction
governo,helm,NOUN,ɡuˈveɾnu,helm/rudder of a ship
governo,regional_government,NOUN,ɡuˈveɾnu,administration/political direction of a regional or local structure
governo,reins,NOUN,ɡuˈveɾnu,reins and bit of a horse
governo,sluice_gate,NOUN,ɡuˈveɾnu,floodgate between reservoirs
governo,system_of_government,NOUN,ɡuˈveɾnu,political system by which a State is ruled
governo,term_of_office,NOUN,ɡuˈveɾnu,duration of a governmental term
governo,way_of_managing,NOUN,ɡuˈveɾnu,way in which something is administered or directed; orientation
governo,govern,VERB,ɡuˈvɛɾnu,"to govern, administer, steer (1sg of governar)"
gozo,amusement,NOUN,ˈɡozu,source of amusement
gozo,enjoyment,NOUN,ˈɡozu,act of enjoying; material or spiritual satisfaction
gozo,mockery,NOUN,ˈɡozu,"mockery, teasing (troca)"
gozo,enjoy,VERB,ˈɡɔzu,to take pleasure in; to make fun of someone (1sg of gozar)
jogo,artistic_interplay,NOUN,ˈʒoɡu,articulation of parts of a whole for artistic effect
jogo,at_stake,NOUN,ˈʒoɡu,what is at risk (em jogo / estar em jogo)
jogo,behaviour,NOUN,ˈʒoɡu,"behaviour, conduct"
jogo,competitive_game,NOUN,ˈʒoɡu,rule-bound competitive activity where players oppose to win
jogo,coordinated_movements,NOUN,ˈʒoɡu,series of harmonious coordinated movements
jogo,flirting,NOUN,ˈʒoɡu,courting through gestures and glances
jogo,gambling,NOUN,ˈʒoɡu,activity in which money or other stake is risked
jogo,gambling_addiction,NOUN,ˈʒoɡu,the vice of gambling
jogo,game_play,NOUN,ˈʒoɡu,playful activity for pleasure or recreation; pastime
jogo,game_set,NOUN,ˈʒoɡu,set of pieces enabling a game to be played
jogo,games_event,NOUN,ˈʒoɡu,public session of competitive activities before spectators
jogo,hand_dealt,NOUN,ˈʒoɡu,what is dealt to each player to play with; value of one's cards
jogo,instrumental_command,NOUN,ˈʒoɡu,how an artist exploits the technical resources of their instrument
jogo,interplay_of_ideas,NOUN,ˈʒoɡu,clash of ideas or plans seeking advantage
jogo,lottery_set,NOUN,ˈʒoɡu,set of lottery tickets
jogo,maneuver,NOUN,ˈʒoɡu,"ploy, trick (manobra, manha)"
jogo,match,NOUN,ˈʒoɡu,"in sport, an occasion when two players or teams meet"
jogo,matching_set,NOUN,ˈʒoɡu,set of pieces forming a whole (e.g. a set of tools)
jogo,mechanism_play,NOUN,ˈʒoɡu,normal movement of the parts of a mechanism
jogo,pebble,NOUN,ˈʒoɡu,smooth round stone rounded by river currents
jogo,playing_style,NOUN,ˈʒoɡu,way of playing; technique used by a player or team
jogo,ridicule,NOUN,ˈʒoɡu,"mockery, scorn (troca, escarnio)"
jogo,round,NOUN,ˈʒoɡu,each of the parts a game is divided into
jogo,rules,NOUN,ˈʒoɡu,set of rules to follow in a game
jogo,ship_roll,NOUN,ˈʒoɡu,oscillation/rolling of a ship
jogo,stake,NOUN,ˈʒoɡu,money risked on each move; the bet/parada
jogo,steering_gear,NOUN,ˈʒoɡu,steering mechanism of a vehicle
jogo,therapeutic_play,NOUN,ˈʒoɡu,play used for therapeutic purposes
jogo,throwing_stone,NOUN,ˈʒoɡu,stone that boys throw
jogo,video_game,NOUN,ˈʒoɡu,video game
jogo,weapon_handling,NOUN,ˈʒoɡu,the handling of a weapon
jogo,wheel_assembly,NOUN,ˈʒoɡu,zone of a vehicle where the wheels are
jogo,game,NOUN,ˈʒoɡu,(protected: operational roster)
jogo,play,VERB,ˈʒɔɡu,to take part in a game following rules (1sg of jogar)
jorro,jet,NOUN,ˈʒoʁu,impetuous abundant outflow of a liquid
jorro,light_burst,NOUN,ˈʒoʁu,sudden emission of a beam of light
jorro,masonry_batter,NOUN,ˈʒoʁu,thickening at the base of masonry constructions (alambor)
jorro,outpouring,NOUN,ˈʒoʁu,what appears suddenly and in great quantity
jorro,gush,VERB,ˈʒɔʁu,to gush out forcefully; to spring up; to flow abundantly (1sg of jorrar)
lobo,cruel_person,NOUN,ˈlobu,a cruel individual
lobo,fur_seal,NOUN,ˈlobu,(protected: operational roster)
lobo,grey_wolf,NOUN,ˈlobu,"northern-hemisphere wolf, grey-backed, pack-hunting"
lobo,loner,NOUN,ˈlobu,a solitary individual
lobo,lupus_constellation,NOUN,ˈlobu,southern constellation (Lupus)
lobo,maned_wolf,NOUN,ˈlobu,South American canid (guara) with long legs and reddish coat
lobo,rugby_team,NOUN,ˈlobu,nickname of the Portuguese men's national rugby team (plural)
lobo,sea_dog,NOUN,ˈlobu,(protected: operational roster)
lobo,wolf,NOUN,ˈlobu,carnivorous mammal of the canid family
lobo,earlobe,NOUN,ˈlɔbu,lower soft hanging part of the ear
lobo,leaf_lobe,NOUN,ˈlɔbu,each rounded notched part of a leaf
lobo,lobe,NOUN,ˈlɔbu,rounded protruding part of an organ
lobo,popular_game,NOUN,ˈlɔbu,a popular game
logro,deceit,NOUN,ˈloɡɾu,act or effect of deceiving; swindle
logro,deceive,VERB,ˈlɔɡɾu,1sg present of lograr: to deceive/obtain/enjoy
molho,beating,NOUN,ˈmoʎu,"thrashing, brawl (pancadaria)"
molho,braising_liquid,NOUN,ˈmoʎu,liquid in which food is braised/stewed
molho,dessert_syrup,NOUN,ˈmoʎu,sweet syrup-like preparation served with desserts
molho,sauce,NOUN,ˈmoʎu,creamy preparation added to cooked food to enhance flavour
molho,soaking,NOUN,ˈmoʎu,immersion in liquid (de molho)
molho,bundle,NOUN,ˈmɔʎu,handful/sheaf; cluster of things grouped together
novelo,hydrangea,NOUN,nuˈvelu,ornamental plant of the Hydrangeaceae family
novelo,tangle_plot,NOUN,nuˈvelu,intricate plot/entanglement (enredo)
novelo,yarn_ball,NOUN,nuˈvelu,ball of wound thread/yarn; anything coiled like it
novelo,narrate,VERB,nuˈvɛlu,1sg present of novelar: to write novels
olho,care_attention,NOUN,ˈoʎu,"care, attention, watchfulness (cuidado/tino)"
olho,eye,NOUN,ˈoʎu,organ of sight; the eyeball
olho,eye_shaped_opening,NOUN,ˈoʎu,opening shaped like an eye; round hole/bore
olho,fat_globule,NOUN,ˈoʎu,drop of fat on the surface of a liquid
olho,hole_in_bread_cheese,NOUN,ˈoʎu,cavity in bread or cheese; large hole in a spongy mass
olho,plant_bud,NOUN,ˈoʎu,vegetal bud giving rise to a shoot; tender heart of leafy vegetables
olho,shrewdness,NOUN,ˈoʎu,"cleverness, sharpness (esperteza/finura)"
olho,tool_eye,NOUN,ˈoʎu,hole in a tool through which the handle is fixed
olho,water_spring,NOUN,ˈoʎu,spring/source of water
olho,look,VERB,ˈɔʎu,1sg present of olhar: to look/observe attentively
para,stop,VERB,ˈpaɾɐ,3sg present / 2sg imperative of parar: stops/stop
para,purpose,ADP,ˈpɐɾɐ,(protected: operational roster)
para,purpose_direction,ADP,ˈpɐɾɐ,"preposition: towards/for, indicating direction or purpose"
para,ratio_relation,ADP,ˈpɐɾɐ,preposition establishing a relation between quantities (e.g. odds/ratio)
pelo,fruit_down,NOUN,ˈpelu,down/fuzz on fruit; fine fuzz (lanugem/penugem)
pelo,hair,NOUN,ˈpelu,hair; filiform epidermal organ covering mammals' bodies
pelo,peel,VERB,ˈpɛlu,1sg present of pelar: to peel/remove skin or fleece
pelo,by_the,ADP,ˈpɨlu,contraction por+o: by/through the
peso,burden,NOUN,ˈpezu,"load; that which presses, oppresses or weighs down"
peso,currency,NOUN,ˈpezu,"peso, monetary unit of various Latin-American countries"
peso,distress,NOUN,ˈpezu,"discomfort, oppression, malaise, worry (peso na consciência)"
peso,good_sense,NOUN,ˈpezu,"judiciousness, care, sensibleness (sensatez)"
peso,importance,NOUN,ˈpezu,"importance, influence, relevance, merit"
peso,shot_put,NOUN,ˈpezu,metal sphere thrown in the shot-put athletics event
peso,weight,NOUN,ˈpezu,force of gravity on bodies; heaviness
peso,weight_measure,NOUN,ˈpezu,calibrated metal object used as a measure on scales
peso,weigh,VERB,ˈpɛzu,1sg present of pesar: to weigh; to weigh on/grieve
polo,fledgling,NOUN,ˈpolu,bird of prey less than a year old
polo,electrode_terminal,NOUN,ˈpɔlu,electrode of a cell or terminal of an electric generator
polo,hub,NOUN,ˈpɔlu,centre of activity or interest (polo industrial/tecnológico)
polo,opposite_extreme,NOUN,ˈpɔlu,point or term in opposition to another (opposite pole)
polo,pole,NOUN,ˈpɔlu,geographic/celestial pole; either end of the Earth's axis
polo,polo_shirt,NOUN,ˈpɔlu,polo shirt; cotton top with buttoned collar
polo,section,NOUN,ˈpɔlu,section/branch (secção)
polo,sport_polo,NOUN,ˈpɔlu,"polo, team sport played on horseback with long-handled mallets"
porto,good_end,NOUN,ˈpoɾtu,(protected: operational roster)
porto,harbour,NOUN,ˈpoɾtu,port/harbour; place where ships anchor or (un)load
porto,port_wine,NOUN,ˈpoɾtu,"Port, the fortified wine (vinho do Porto)"
porto,refuge,NOUN,ˈpoɾtu,place of rest; refuge/haven
porto,carry,VERB,ˈpɔɾtu,1sg present of portar: to carry/conduct; to behave
posto,first_aid_post,NOUN,ˈpoʃtu,small facility for quick medical or nursing care
posto,given_that,CONJ,ˈpoʃtu,concessive conjunction in 'posto que': given that/although
posto,job,NOUN,ˈpoʃtu,post/employment; place one occupies in one's duties
posto,military_post,NOUN,ˈpoʃtu,guard/sentry post; troop quarters; fortified position
posto,placed,ADJ,ˈpoʃtu,"placed, set, arranged; (of the sun) set/gone down"
posto,rank,NOUN,ˈpoʃtu,position in the military hierarchy; rank/dignity
posto,selling_point,NOUN,ˈpoʃtu,point/stall of sale (lugar de venda)
posto,station,NOUN,ˈpoʃtu,post/station; place a person or thing occupies with permanence
posto,post,VERB,ˈpɔʃtu,1sg present of postar: to post oneself; to publish a message online
reboco,plaster,NOUN,ʁɨˈboku,rendering; layer of mortar applied over the base coat to smooth surfaces
reboco,vessel_lining,NOUN,ʁɨˈboku,substance lining a vessel's interior to make it watertight
reboco,tow,VERB,ʁɨˈbɔku,1sg present of rebocar: to plaster/render; to tow
redobro,double_of_double,NOUN,ʁɨˈdobɾu,value/quantity equal to twice the double of something
redobro,redoubling,NOUN,ʁɨˈdobɾu,act or effect of redoubling
redobro,reduplication_expressive,NOUN,ʁɨˈdobɾu,repetition of a syllable/word/sequence for expressive effect
redobro,reduplication_phonetic,NOUN,ʁɨˈdobɾu,repetition of phonemes in certain verbal inflection
redobro,redouble,VERB,ʁɨˈdɔbɾu,to redouble; double again; intensify greatly
reforço,aid,NOUN,ʁɨˈfoɾsu,"help, assistance; auxiliary troops"
reforço,extra_helper,NOUN,ʁɨˈfoɾsu,person joining a group/team to make it stronger or more efficient
reforço,guard_detachment,NOUN,ʁɨˈfoɾsu,group of soldiers manning night sentry posts
reforço,reinforcement,NOUN,ʁɨˈfoɾsu,act or effect of reinforcing
reforço,reinforcement_material,NOUN,ʁɨˈfoɾsu,material added to objects/garments to make them more resistant
reforço,reinforcement_unit,NOUN,ʁɨˈfoɾsu,military unit/means placed at a command's disposal for an operation
reforço,reinforcing_thing,NOUN,ʁɨˈfoɾsu,that which gives more strength/solidity/intensity/resistance
reforço,reinforce,VERB,ʁɨˈfɔɾsu,to reinforce; make stronger
rego,crack,NOUN,ˈʁeɡu,cleft between the buttocks or breasts
rego,furrow,NOUN,ˈʁeɡu,groove cut in the soil by a plough
rego,hair_parting,NOUN,ˈʁeɡu,parting line of the hair
rego,irrigation_channel,NOUN,ˈʁeɡu,ditch/channel through which water flows
rego,skin_wrinkle,NOUN,ˈʁeɡu,wrinkle in the skin
rego,wheel_rut,NOUN,ˈʁeɡu,rut left by cart wheels
rego,water,VERB,ˈʁɛɡu,"to water/irrigate (land, plants)"
relevo,prominence,NOUN,ʁɨˈlevu,"prominence, conspicuousness"
relevo,protrusion,NOUN,ʁɨˈlevu,"salience, raised part"
relevo,relief_act,NOUN,ʁɨˈlevu,act or effect of making something stand out
relevo,relief_pictorial,NOUN,ʁɨˈlevu,figures appearing raised in engraving/painting via perspective
relevo,relief_sculpture,NOUN,ʁɨˈlevu,sculptural form raised against a background surface
relevo,relief_terrain,NOUN,ʁɨˈlevu,orographic features of the earth's surface
relevo,emphasize,VERB,ʁɨˈlɛvu,to make stand out; emphasize
renovo,farm_produce,NOUN,ʁɨˈnovu,agricultural produce
renovo,offspring,NOUN,ʁɨˈnovu,"descendants, offspring"
renovo,shoot,NOUN,ʁɨˈnovu,"sprout, new growth of a plant"
renovo,vegetable_garden,NOUN,ʁɨˈnovu,vegetable garden
renovo,renew,VERB,ʁɨˈnɔvu,to renew; give new appearance to; recommence
repelo,against_grain,NOUN,ʁɨˈpelu,against the grain/direction (a repelo)
repelo,hair_pull,NOUN,ʁɨˈpelu,abrupt jerk/tug
repelo,pluck,VERB,ʁɨˈpɛlu,to pull out hair; tug at
retorno,exchange_balance,NOUN,ʁɨˈtoɾnu,amount given to equalize the value of exchanged objects; change
retorno,investment_return,NOUN,ʁɨˈtoɾnu,result or consequence of an investment
retorno,return,NOUN,ʁɨˈtoɾnu,act or effect of returning
retorno,return_gift,NOUN,ʁɨˈtoɾnu,object given in return for another received
retorno,u_turn,NOUN,ʁɨˈtoɾnu,road turnoff allowing reversal of direction
retorno,go_back,VERB,ʁɨˈtɔɾnu,to return (to the starting point); come back
rogo,farm_hiring,NOUN,ˈʁoɡu,hiring of people for agricultural work
rogo,intercession,NOUN,ˈʁoɡu,intercession
rogo,plea,NOUN,ˈʁoɡu,act or effect of pleading; entreaty
rogo,prayer,NOUN,ˈʁoɡu,prayer
rogo,beg,VERB,ˈʁɔɡu,"to beg, plead earnestly"
rola,drunkenness,NOUN,ˈʁɔlɐ,drunkenness
rola,penis,NOUN,ˈʁɔlɐ,penis
rola,rolls,VERB,ˈʁɔlɐ,rolls; turns/spins (3sg of rolar)
rola,turtledove,NOUN,ˈʁɔlɐ,"turtledove, small columbid bird"
rolo,beef_cut,NOUN,ˈʁolu,cut of beef from the hindquarter flexor muscle
rolo,bundle,NOUN,ˈʁolu,wrapped bundle/parcel
rolo,crowd,NOUN,ˈʁolu,"crowd, throng of people"
rolo,cylinder,NOUN,ˈʁolu,more or less long cylindrical piece; roll
rolo,film_roll,NOUN,ˈʁolu,photographic film roll
rolo,funnel_sieve,NOUN,ˈʁolu,sieve of a funnel
rolo,hair_curler,NOUN,ˈʁolu,tuft of curled hair; hair roller
rolo,mess,NOUN,ˈʁolu,"trouble, brawl, mess"
rolo,paint_roller,NOUN,ˈʁolu,wool-covered roller with handle for painting flat surfaces
rolo,roll,NOUN,ˈʁolu,(protected: operational roster)
rolo,roll_food,NOUN,ˈʁolu,sweet or savory dish of rolled dough with filling
rolo,wax_taper,NOUN,ˈʁolu,coiled wax wick/taper
rolo,whirlpool,NOUN,ˈʁolu,"eddy, whirlpool"
rolo,tumble,VERB,ˈʁɔlu,"to roll, make spin; tumble"
seco,curt,ADJ,ˈseku,"harsh, curt; insensitive"
seco,dry,ADJ,ˈseku,deprived of water or moisture; arid
seco,dry_fruit,ADJ,ˈseku,(of fruit) having a non-fleshy pericarp
seco,dry_goods,NOUN,ˈseku,"non-liquid foodstuffs (cereals, beans, etc.)"
seco,dry_wine,ADJ,ˈseku,(of wine) with up to 4 g/L residual sugar
seco,exhausted,ADJ,ˈseku,"drained, exhausted, used up"
seco,lean,ADJ,ˈseku,"thin, lean"
seco,plain_bread,ADJ,ˈseku,(of bread) stale or eaten without accompaniment
seco,preservable_food,ADJ,ˈseku,(of food) that can be preserved; dried
seco,sandbar,NOUN,ˈseku,sandbank exposed at low tide
seco,withered,ADJ,ˈseku,no longer green; withered
seco,dry_vb,VERB,ˈsɛku,"to dry, dry up; lose moisture; wither"
sede,craving,NOUN,ˈsedɨ,"avidity, longing"
sede,thirst,NOUN,ˈsedɨ,sensation from the need to drink
sede,headquarters,NOUN,ˈsɛdɨ,"seat of a court, administration, government or institution"
sede,legal_context,NOUN,ˈsɛdɨ,scope/context (in 'em sede de')
sede,locus,NOUN,ˈsɛdɨ,point/centre where facts or phenomena concentrate
sede,seat,NOUN,ˈsɛdɨ,place to sit or settle
sede,venue,NOUN,ˈsɛdɨ,place where an event is held
sede,window_seat,NOUN,ˈsɛdɨ,fixed stone seat by a window in old buildings
selo,hallmark,NOUN,ˈselu,(protected: operational roster)
selo,punch,NOUN,ˈselu,"a punch, blow (murro)"
selo,record_label,NOUN,ˈselu,(protected: operational roster)
selo,seal_mark,NOUN,ˈselu,sign or mark left stamped; mark of guarantee
selo,sealant,NOUN,ˈselu,anything that serves to seal
selo,sign,NOUN,ˈselu,"sign, token"
selo,stain,NOUN,ˈselu,"stain, blotch"
selo,stamp,NOUN,ˈselu,postage stamp
selo,stigma,NOUN,ˈselu,"stigma, mark of distinction or shame"
selo,wax_seal,NOUN,ˈselu,signet or stamp used to authenticate documents
selo,seal,VERB,ˈsɛlu,to stamp/seal a document
sobre,about,ADP,ˈsobɾɨ,"about, concerning"
sobre,above,ADP,ˈsobɾɨ,above
sobre,after,ADP,ˈsobɾɨ,"after, behind (atrás de / após)"
sobre,along,ADP,ˈsobɾɨ,along
sobre,approximately,ADP,ˈsobɾɨ,"around, about (quantity)"
sobre,charged_on,ADP,ˈsobɾɨ,charged/levied on
sobre,on_top_of,ADP,ˈsobɾɨ,"on, on top of, over"
sobre,sail,NOUN,ˈsobɾɨ,(protected: operational roster)
sobre,somewhat,ADP,ˈsobɾɨ,"a bit, somewhat (um tanto)"
sobre,totaling,ADP,ˈsobɾɨ,out of a total of
sobre,toward,ADP,ˈsobɾɨ,in the direction of
sobre,leftover,VERB,ˈsɔbɾɨ,(protected: operational roster)
sobro,charcoal_kiln,NOUN,ˈsobɾu,choça/charcoal pile (choça de carvão)
sobro,cork_oak,NOUN,ˈsobɾu,cork oak tree (Quercus suber)
sobro,be_left_over,VERB,ˈsɔbɾu,"to be in excess, remain (sobrar 1sg)"
soco,base_band,NOUN,ˈsoku,painted horizontal band at a building's base
soco,clog,NOUN,ˈsoku,"wooden-soled footwear, clog"
soco,craton,NOUN,ˈsoku,ancient peneplained rock massif (geology)
soco,harp_base,NOUN,ˈsoku,lower part of a harp holding the soundbox
soco,loss,NOUN,ˈsoku,"damage, financial loss (prejuízo/desfalque)"
soco,pedestal,NOUN,ˈsoku,small pedestal/socle for a sculpture or cross
soco,plinth,NOUN,ˈsoku,projecting base of a wall or building/column
soco,punch,NOUN,ˈsoku,blow with a closed fist
soco,spin_top_dent,NOUN,ˈsoku,dent a spinning top makes on its target
soco,strike,VERB,ˈsɔku,to punch/strike (socar 1sg)
soldo,military_pay,NOUN,ˈsoɫdu,soldiers' pay/stipend
soldo,old_french_coin,NOUN,ˈsoɫdu,old French coin (sol/sou)
soldo,old_portuguese_coin,NOUN,ˈsoɫdu,old Portuguese coin
soldo,pay,NOUN,ˈsoɫdu,(protected: operational roster)
soldo,wage,NOUN,ˈsoɫdu,"wage, salary"
soldo,weld,VERB,ˈsɔɫdu,to weld/solder (soldar 1sg)
solto,debt_free,ADJ,ˈsoɫtu,"free of debt, discharged"
solto,intermittent,ADJ,ˈsoɫtu,"discontinuous, broken up"
solto,loose,ADJ,ˈsoɫtu,running free; set at liberty; free
solto,scattered,ADJ,ˈsoɫtu,"spread out, disaggregated"
solto,slack,ADJ,ˈsoɫtu,"not taut or tight; baggy, slack"
solto,unrestrained,ADJ,ˈsoɫtu,not repressed; licentious
solto,unrhymed,ADJ,ˈsoɫtu,not rhymed (verse)
solto,untied,ADJ,ˈsoɫtu,"not tied, undone, unfastened"
solto,release,VERB,ˈsɔɫtu,to release/untie (soltar 1sg)
soma,amount,NOUN,ˈsomɐ,quantity expressed as a number; sum of money
soma,collection,NOUN,ˈsomɐ,set formed from gathered elements
soma,soba_kind,NOUN,ˈsomɐ,a kind of soba (African chief)
soma,soma_body,NOUN,ˈsomɐ,the whole organism excluding germ cells (biology)
soma,soma_drink,NOUN,ˈsomɐ,sacred Aryan drink granting bodily immortality
soma,sum,NOUN,ˈsomɐ,act/result of adding; total
soma,add,VERB,ˈsɔmɐ,(protected: operational roster)
sopeso,heft,NOUN,suˈpezu,act/effect of hefting (deverbal)
sopeso,weigh_up,VERB,suˈpɛzu,"to heft, gauge by weight; weigh up (sopesar 1sg)"
sopro,blast,NOUN,ˈsopɾu,blast wave from an atomic detonation
sopro,breath,NOUN,ˈsopɾu,blow/puff of air from the mouth or bellows
sopro,breeze,NOUN,ˈsopɾu,"light wind, breeze"
sopro,exhalation,NOUN,ˈsopɾu,"act of expelling aspirated air; bafo, hálito"
sopro,force,NOUN,ˈsopɾu,"force, vigour"
sopro,inspiration,NOUN,ˈsopɾu,inspiration
sopro,murmur,NOUN,ˈsopɾu,abnormal sound heard on auscultation (heart/lung murmur)
sopro,remnant,NOUN,ˈsopɾu,"a remnant, trace (resto)"
sopro,sound,NOUN,ˈsopɾu,a sound
sopro,wind_section,NOUN,ˈsopɾu,the wind instruments collectively
sopro,blow,VERB,ˈsɔpɾu,to blow (soprar 1sg)
sossego,calm,NOUN,suˈseɡu,"act/effect of calming; tranquillity, peace, quiet"
sossego,rest,NOUN,suˈseɡu,"repose, rest"
sossego,soothe,VERB,suˈsɛɡu,to calm/quieten down (sossegar 1sg)
tempero,management,NOUN,tẽˈpeɾu,means of directing or regulating a business
tempero,metal_tempering,NOUN,tẽˈpeɾu,hardness and elasticity given to metals through tempering
tempero,seasoned_state,NOUN,tẽˈpeɾu,the state/condition of seasoned food
tempero,seasoning,NOUN,tẽˈpeɾu,"substance (salt, pepper, herb, spice) added to food to enhance flavour"
tempero,seasoning_act,NOUN,tẽˈpeɾu,act of seasoning or flavouring food
tempero,soothing,NOUN,tẽˈpeɾu,that which relieves or soothes
tempero,season,VERB,tẽˈpɛɾu,to add seasoning to enhance or soften flavour (1sg present of temperar)
toco,amputation_stump,NOUN,ˈtoku,what remains of a severed or amputated limb
toco,candle_end,NOUN,ˈtoku,stub of an illumination candle
toco,cudgel,NOUN,ˈtoku,short stick or cudgel
toco,mast_stub,NOUN,ˈtoku,remnant of a dismasted mast
toco,stump,NOUN,ˈtoku,part of trunk or root left in the ground after a tree is cut
toco,worn_broom,NOUN,ˈtoku,very worn-out broom
toco,play,VERB,ˈtɔku,to touch; to play (a musical instrument) (1sg present of tocar)
tola,foolish,ADJ|NOUN,ˈtolɐ,"silly, foolish, lacking good sense (feminine)"
tola,comb_clamp,NOUN,ˈtɔlɐ,kind of wooden clamp used by comb-makers
tola,head,NOUN,ˈtɔlɐ,head (colloquial)
tola,tola_tree,NOUN,ˈtɔlɐ,large West African leguminous tree yielding quality furniture wood
tola,tola_wood,NOUN,ˈtɔlɐ,the wood from the tola tree
toldo,awning,NOUN,ˈtoɫdu,canvas or other covering to shelter from sun or rain
toldo,ship_deck_cover,NOUN,ˈtoɫdu,deck covering of a ship
toldo,cloud_over,VERB,ˈtɔɫdu,"to cover with an awning; to cloud over, darken (1sg present of toldar)"
topo,act_of_bumping,NOUN,ˈtopu,act of bumping/colliding (deverbal of topar)
topo,collision,NOUN,ˈtopu,"collision, shock"
topo,extremity,NOUN,ˈtopu,"extremity, end"
topo,peak,NOUN,ˈtopu,"peak, summit (cume)"
topo,summit,NOUN,ˈtopu,highest part; top
topo,bump_into,VERB,ˈtɔpu,"to run into, bump, collide with; to accept (1sg present of topar)"
torno,around,NOUN,ˈtoɾnu,"round, vicinity (in 'em torno de' = around)"
torno,lathe,NOUN,ˈtoɾnu,lathe; apparatus that spins a wood/metal workpiece for turning
torno,tap_key,NOUN,ˈtoɾnu,key/handle of a tap or faucet
torno,turnbox,NOUN,ˈtoɾnu,revolving box at convent/asylum gates for passing items in
torno,vice,NOUN,ˈtoɾnu,iron vice tool clamping workpieces with a screw for filing
torno,wooden_peg,NOUN,ˈtoɾnu,wooden nail or peg
torno,turn,VERB,ˈtɔɾnu,to return; to give back; to reply (1sg present of tornar)
torre,bell_tower,NOUN,ˈtoʁɨ,masonry structure beside a church holding the bells
torre,high_rise,NOUN,ˈtoʁɨ,tall building for housing or offices
torre,observation_post,NOUN,ˈtoʁɨ,observation or command post
torre,rook,NOUN,ˈtoʁɨ,chess piece ranking just below the queen
torre,ship_gun_tower,NOUN,ˈtoʁɨ,raised structure on a ship's deck holding artillery
torre,tall_person,NOUN,ˈtoʁɨ,very tall person
torre,tall_structure,NOUN,ˈtoʁɨ,any tall narrow structure
torre,tank_turret,NOUN,ˈtoʁɨ,armoured movable turret of a combat tank
torre,tower,NOUN,ˈtoʁɨ,tall narrow fortified structure
torre,roast,VERB,ˈtɔʁɨ,to make dry and crisp by heat; to toast (1sg present of torrar)
transtorno,alteration,NOUN,tɾɐ̃ʃˈtoɾnu,"alteration, disruption"
transtorno,disappointment,NOUN,tɾɐ̃ʃˈtoɾnu,"disappointment, letdown"
transtorno,disorder,NOUN,tɾɐ̃ʃˈtoɾnu,(protected: operational roster)
transtorno,disorder_act,NOUN,tɾɐ̃ʃˈtoɾnu,act or effect of upsetting/disrupting
transtorno,inconvenience,NOUN,tɾɐ̃ʃˈtoɾnu,unforeseen incident or circumstance that bothers or disturbs
transtorno,loss,NOUN,tɾɐ̃ʃˈtoɾnu,"loss, damage, prejudice"
transtorno,mental_disorder,NOUN,tɾɐ̃ʃˈtoɾnu,mental or behavioural disorder (clinical)
transtorno,minor_ailment,NOUN,tɾɐ̃ʃˈtoɾnu,slight health disturbance
transtorno,upset,VERB,tɾɐ̃ʃˈtɔɾnu,"to disturb, disrupt, throw into disorder (1sg present of transtornar)"
troco,change,NOUN,ˈtɾoku,money returned when paying with a larger note/coin than the price
troco,coins,NOUN,ˈtɾoku,money in coins
troco,exchange_act,NOUN,ˈtɾoku,act of exchanging/swapping
troco,reply,NOUN,ˈtɾoku,"reply, riposte"
troco,retort,NOUN,ˈtɾoku,"response to an affront, comment or offence; retort"
troco,small_change,NOUN,ˈtɾoku,small-denomination coins/notes equivalent to a larger one
troco,exchange,VERB,ˈtɾɔku,"to swap, exchange, convert into money (1sg present of trocar)"
zelo,care,NOUN,ˈzelu,"care, attentiveness"
zelo,diligence,NOUN,ˈzelu,diligence and punctuality in a task
zelo,jealousy,NOUN,ˈzelu,jealousy
zelo,zeal,NOUN,ˈzelu,lively ardent affection for someone or something
zelo,tend,VERB,ˈzɛlu,"to take care of, watch over, be jealous of (1sg present of zelar)"
